<?xml version="1.0" encoding="UTF-8" standalone="yes"?>
<SharedFlowBundle revision="5" name="GetSalesforceToken">
    <ConfigurationVersion majorVersion="4" minorVersion="0"/>
    <CreatedAt>1565661321936</CreatedAt>
    <CreatedBy>miguelmendoza@google.com</CreatedBy>
    <Description>This shared flow requests an OAuth 2.0 Bearer token from Salesforce.</Description>
    <DisplayName>GetSalesforceToken</DisplayName>
    <LastModifiedAt>1565727976860</LastModifiedAt>
    <LastModifiedBy>miguelmendoza@google.com</LastModifiedBy>
    <ManifestVersion>SHA-512:54c699e9eef4c5f09c34c03d04027cf372bf7c5a9618a0023b35de156a59263467c3bef14a82fe746b982b641d5677c7be4e90d92d6888becc8e807310538ffa</ManifestVersion>
    <Policies>
        <Policy>AM-SalesforceTokenRequest</Policy>
        <Policy>EV-ExtractToken</Policy>
        <Policy>JWT-GenerateSalesforceToken</Policy>
        <Policy>KVM-GetSalesforceInfo</Policy>
        <Policy>KVM-GetSalesforceInfoPrivate</Policy>
        <Policy>LC-SalesforceToken</Policy>
        <Policy>PC-SalesforceToken</Policy>
        <Policy>SC-GetSalesforceToken</Policy>
    </Policies>
    <Resources/>
    <Spec></Spec>
    <subType>SharedFlow</subType>
    <SharedFlows>
        <SharedFlow>default</SharedFlow>
    </SharedFlows>
</SharedFlowBundle>
