<?xml version="1.0" encoding="UTF-8" standalone="yes"?>
<AssignMessage async="false" continueOnError="false" enabled="true" name="AM-SalesforceTokenRequest">
    <DisplayName>AM-SalesforceTokenRequest</DisplayName>
    <DisplayName>AM-SalesForceTokenRequest</DisplayName>
    <Properties/>
    <Set>
        <Verb>POST</Verb>
        <FormParams>
            <FormParam name="grant_type">urn:ietf:params:oauth:grant-type:jwt-bearer</FormParam>
            <FormParam name="assertion">{salesforce_jwt_token}</FormParam>
        </FormParams>
    </Set>
    <AssignVariable>
        <Name>access_token_fetched</Name>
        <Value>true</Value>
    </AssignVariable>
    <IgnoreUnresolvedVariables>true</IgnoreUnresolvedVariables>
    <AssignTo createNew="true" transport="http" type="request">salesforce_token_request</AssignTo>
</AssignMessage>