<?xml version="1.0" encoding="UTF-8" standalone="yes"?>
<ExtractVariables async="false" continueOnError="false" enabled="true" name="EV-ExtractToken">
    <DisplayName>EV-ExtractToken</DisplayName>
    <Properties/>
    <IgnoreUnresolvedVariables>true</IgnoreUnresolvedVariables>
    <JSONPayload>
        <Variable name="salesforce_access_token">
            <JSONPath>$.access_token</JSONPath>
        </Variable>
        <Variable name="salesforce_instance_url">
            <JSONPath>$.instance_url</JSONPath>
        </Variable>
    </JSONPayload>
    <Source clearPayload="false">salesforce_token_response</Source>
</ExtractVariables>