<?xml version="1.0" encoding="UTF-8" standalone="yes"?>
<GenerateJWT async="false" continueOnError="false" enabled="true" name="JWT-GenerateSalesforceToken">
    <DisplayName>JWT-GenerateSalesforceToken</DisplayName>
    <Algorithm>RS256</Algorithm>
    <PrivateKey>
        <Value ref="private.salesforce_private_key"/>
    </PrivateKey>
    <Subject ref="salesforce_username"/>
    <Issuer ref="salesforce_consumer_key"/>
    <Audience ref="salesforce_authorization_host"/>
    <ExpiresIn>8h</ExpiresIn>
    <OutputVariable>salesforce_jwt_token</OutputVariable>
</GenerateJWT>