<?xml version="1.0" encoding="UTF-8" standalone="yes"?>
<KeyValueMapOperations async="false" continueOnError="false" enabled="true" name="KVM-GetSalesforceInfoPrivate" mapIdentifier="salesforce-info-private">
    <DisplayName>KVM-GetSalesforceInfoPrivate</DisplayName>
    <Properties/>
    <ExclusiveCache>false</ExclusiveCache>
    <ExpiryTimeInSecs>300</ExpiryTimeInSecs>
    <Get assignTo="private.salesforce_private_key">
        <Key>
            <Parameter>private_key</Parameter>
        </Key>
    </Get>
    <Scope>environment</Scope>
</KeyValueMapOperations>