<?xml version="1.0" encoding="UTF-8" standalone="yes"?>
<KeyValueMapOperations async="false" continueOnError="false" enabled="true" name="KVM-GetSalesforceInfo" mapIdentifier="salesforce-info">
    <DisplayName>KVM-GetSalesforceInfo</DisplayName>
    <Properties/>
    <ExclusiveCache>false</ExclusiveCache>
    <ExpiryTimeInSecs>300</ExpiryTimeInSecs>
    <Get assignTo="salesforce_consumer_key">
        <Key>
            <Parameter>consumer_key</Parameter>
        </Key>
    </Get>
    <Get assignTo="salesforce_username">
        <Key>
            <Parameter>username</Parameter>
        </Key>
    </Get>
    <Get assignTo="salesforce_authorization_host">
        <Key>
            <Parameter>authorization_host</Parameter>
        </Key>
    </Get>
    <Scope>environment</Scope>
</KeyValueMapOperations>