<?xml version="1.0" encoding="UTF-8" standalone="yes"?>
<PopulateCache async="false" continueOnError="false" enabled="true" name="PC-SalesforceToken">
    <DisplayName>PC-SalesforceToken</DisplayName>
    <Properties/>
    <CacheKey>
        <KeyFragment>salesforce_token_response</KeyFragment>
    </CacheKey>
    <Scope>Exclusive</Scope>
    <CacheResource>salesforce_token_response_cache</CacheResource>
    <ExpirySettings>
        <TimeoutInSec>900</TimeoutInSec>
    </ExpirySettings>
    <Source>salesforce_token_response</Source>
</PopulateCache>