<?xml version="1.0" encoding="UTF-8" standalone="yes"?>
<ServiceCallout async="false" continueOnError="false" enabled="true" name="SC-GetSalesforceToken">
    <DisplayName>SC-GetSalesforceToken</DisplayName>
    <Properties/>
    <Request clearPayload="true" variable="salesforce_token_request">
        <IgnoreUnresolvedVariables>false</IgnoreUnresolvedVariables>
    </Request>
    <Response>salesforce_token_response</Response>
    <HTTPTargetConnection>
        <Properties/>
        <URL>https://{salesforce_authorization_host}/services/oauth2/token</URL>
        <SSLInfo>
            <Enabled>true</Enabled>
            <ClientAuthEnabled>true</ClientAuthEnabled>
            <KeyStore>salesforce-keystore</KeyStore>
            <KeyAlias>apigee</KeyAlias>
            <TrustStore>salesforce-truststore</TrustStore>
            <Ciphers/>
            <Protocols/>
        </SSLInfo>
    </HTTPTargetConnection>
</ServiceCallout>