<?xml version="1.0" encoding="UTF-8" standalone="yes"?>
<SharedFlow name="default">
    <Step>
        <Name>LC-SalesforceToken</Name>
    </Step>
    <Step>
        <Condition>(salesforce_token_response = null)</Condition>
        <Name>KVM-GetSalesforceInfo</Name>
    </Step>
    <Step>
        <Condition>(salesforce_token_response = null)</Condition>
        <Name>KVM-GetSalesforceInfoPrivate</Name>
    </Step>
    <Step>
        <Condition>(salesforce_token_response = null)</Condition>
        <Name>JWT-GenerateSalesforceToken</Name>
    </Step>
    <Step>
        <Condition>(salesforce_token_response = null)</Condition>
        <Name>AM-SalesforceTokenRequest</Name>
    </Step>
    <Step>
        <Condition>(salesforce_token_response = null)</Condition>
        <Name>SC-GetSalesforceToken</Name>
    </Step>
    <Step>
        <Condition>(access_token_fetched = "true")</Condition>
        <Name>PC-SalesforceToken</Name>
    </Step>
    <Step>
        <Name>EV-ExtractToken</Name>
    </Step>
</SharedFlow>